feature,importance
cat__container_type_hazardous,0.6496054
cat__container_type_standard,0.137746
cat__customs_risk_flag_high,0.12478657
remainder__missing_documents_count,0.020060726
cat__customs_risk_flag_low,0.01923652
cat__container_type_reefer,0.019164288
cat__container_type_oversized,0.011534004
cat__customs_risk_flag_medium,0.011206741
remainder__carrier_past_reliability_score,0.00056361896
cat__carrier_company_Carrier-B,0.00043753439
cat__carrier_company_Carrier-H,0.00034087535
cat__cargo_category_import,0.00032675982
cat__carrier_company_Carrier-C,0.0003148001
cat__carrier_company_Carrier-G,0.00030538123
cat__carrier_company_Carrier-F,0.00030525657
remainder__arrival_hour,0.0003008663
cat__carrier_company_Carrier-I,0.0002988159
remainder__queue_length_at_arrival,0.00028659203
cat__day_of_week_Saturday,0.0002835462
cat__cargo_category_export,0.00027722903
cat__day_of_week_Sunday,0.00027207247
cat__day_of_week_Tuesday,0.0002708284
cat__carrier_company_Carrier-D,0.00026937926
cat__carrier_company_Carrier-A,0.00026831965
cat__day_of_week_Monday,0.00026212176
cat__carrier_company_Carrier-J,0.00026206835
cat__day_of_week_Thursday,0.0002616784
cat__carrier_company_Carrier-E,0.00026054945
cat__day_of_week_Wednesday,0.00025255114
cat__day_of_week_Friday,0.0002388474
